product,issue,complaints,relief_rate_pct,monetary_relief_pct
Credit card / prepaid,Fees or interest,1399,41.8,38.1
Credit reporting,Problem with fraud alerts or security freezes,1177,33.5,0.6
Credit card / prepaid,Problem with a purchase shown on your statement,2696,32.8,26.7
Credit reporting,Unable to get your credit report or credit score,1189,30.0,0.8
Checking / savings,Managing an account,3795,27.2,23.3
Credit card / prepaid,"Other features, terms, or problems",1581,26.8,14.2
Credit card / prepaid,Problem when making payments,1172,26.2,18.6
Credit reporting,Incorrect information on your report,31612,24.3,0.2
Debt collection,Communication tactics,2616,22.9,1.0
Credit reporting,Improper use of your report,5542,17.0,0.1
Credit reporting,Problem with a credit reporting company's investigation into an existing problem,14846,15.9,0.3
Money transfer,Fraud or scam,1040,13.1,9.3
Debt collection,Attempts to collect debt not owed,10151,11.0,0.7
Student loan,Dealing with your lender or servicer,2651,10.8,2.7
Debt collection,Took or threatened to take negative or legal action,2491,8.8,0.8
Mortgage,Applying for a mortgage or refinancing an existing mortgage,1085,8.7,6.5
Debt collection,False statements or representation,2352,8.0,1.6
Debt collection,Written notification about debt,4007,7.4,0.6
Mortgage,Trouble during payment process,4854,6.8,3.6
Mortgage,Struggling to pay mortgage,2310,3.1,0.8
