product,texas_complaints,houston_complaints,texas_mix_pct,rest_of_us_mix_pct,texas_relief_pct,rest_of_us_relief_pct
Credit reporting,5186,1600,48.1,47.3,18.4,21.8
Debt collection,2501,678,23.2,18.6,10.4,11.4
Credit card / prepaid,883,203,8.2,10.0,27.4,28.2
Mortgage,722,163,6.7,8.2,7.8,6.3
Checking / savings,502,106,4.7,6.0,27.9,28.3
Student loan,282,58,2.6,3.4,7.8,9.2
Payday / personal loan,263,60,2.4,1.8,8.0,8.8
Vehicle loan / lease,239,61,2.2,2.3,10.9,10.5
Money transfer,205,50,1.9,2.2,13.2,17.3
