,precision,recall,f1-score,support
Checking / savings,0.814,0.8275,0.8207,1380.0
Credit card / prepaid,0.8092,0.8195,0.8143,2293.0
Credit reporting,0.8994,0.9207,0.9099,10931.0
Debt collection,0.8098,0.8155,0.8126,4337.0
Money transfer,0.854,0.7246,0.784,541.0
Mortgage,0.909,0.9158,0.9124,1877.0
Payday / personal loan,0.695,0.5312,0.6022,416.0
Student loan,0.877,0.8048,0.8393,753.0
Vehicle loan / lease,0.7632,0.6105,0.6784,570.0
accuracy,0.8619,0.8619,0.8619,0.8619
macro avg,0.8256,0.7745,0.7971,23098.0
weighted avg,0.8604,0.8619,0.8605,23098.0
