,Checking / savings,Credit card / prepaid,Credit reporting,Debt collection,Money transfer,Mortgage,Payday / personal loan,Student loan,Vehicle loan / lease
Checking / savings,0.8275,0.0761,0.0355,0.0196,0.029,0.008,0.0036,0.0,0.0007
Credit card / prepaid,0.0397,0.8203,0.0881,0.0353,0.0078,0.0031,0.0026,0.0009,0.0022
Credit reporting,0.0027,0.0154,0.9204,0.0459,0.0002,0.0056,0.0015,0.0033,0.005
Debt collection,0.0058,0.0208,0.1266,0.8165,0.0007,0.0108,0.0053,0.0071,0.0065
Money transfer,0.1608,0.0536,0.0259,0.0166,0.7246,0.0074,0.0074,0.0018,0.0018
Mortgage,0.0064,0.0069,0.0405,0.0202,0.0005,0.9164,0.0064,0.0011,0.0016
Payday / personal loan,0.0264,0.0529,0.1274,0.1683,0.0072,0.0385,0.5312,0.012,0.0361
Student loan,0.0027,0.0106,0.0797,0.0757,0.0,0.0159,0.0106,0.8048,0.0
Vehicle loan / lease,0.0035,0.0175,0.2088,0.0825,0.0,0.0228,0.0386,0.014,0.6123
