threshold,coverage,accuracy_on_auto_routed
0.3,0.9946,0.8649
0.31,0.9933,0.8658
0.32,0.9919,0.8665
0.33,0.9908,0.867
0.34,0.9886,0.868
0.35,0.9865,0.8687
0.36,0.9848,0.8696
0.37,0.983,0.8703
0.38,0.9816,0.8711
0.39,0.9795,0.872
0.4,0.977,0.873
0.41,0.9741,0.8739
0.42,0.9715,0.875
0.43,0.9687,0.8762
0.44,0.9659,0.8776
0.45,0.9625,0.8789
0.46,0.9592,0.8801
0.47,0.9551,0.882
0.48,0.9501,0.8842
0.49,0.9457,0.8863
0.5,0.9403,0.8883
0.51,0.9353,0.8903
0.52,0.9294,0.8925
0.53,0.923,0.8946
0.54,0.9169,0.8967
0.55,0.9116,0.8988
0.56,0.9065,0.9007
0.57,0.9012,0.903
0.58,0.8947,0.9046
0.59,0.8893,0.9068
0.6,0.8833,0.9083
0.61,0.878,0.9102
0.62,0.8724,0.9119
0.63,0.8664,0.9138
0.64,0.862,0.9149
0.65,0.8569,0.9166
0.66,0.8511,0.9186
0.67,0.8447,0.9201
0.68,0.8388,0.9214
0.69,0.8334,0.9226
0.7,0.8273,0.9241
0.71,0.8209,0.9268
0.72,0.8147,0.9287
0.73,0.8079,0.9309
0.74,0.8009,0.9325
0.75,0.7929,0.9341
0.76,0.7851,0.9358
0.77,0.7783,0.9379
0.78,0.7705,0.939
0.79,0.7619,0.9404
0.8,0.753,0.9416
0.81,0.744,0.9429
0.82,0.7346,0.9445
0.83,0.725,0.946
0.84,0.7156,0.9471
0.85,0.7056,0.9489
0.86,0.6943,0.9515
0.87,0.6817,0.9533
0.88,0.6669,0.956
0.89,0.6536,0.9576
0.9,0.6398,0.9595
0.91,0.6237,0.9612
0.92,0.6062,0.9631
0.93,0.5843,0.9654
0.94,0.5616,0.9673
0.95,0.5359,0.9691
0.96,0.5044,0.9724
0.97,0.4645,0.9746
0.98,0.4054,0.9782
0.99,0.318,0.9841
