theme,Checking / savings,Credit card / prepaid,Credit reporting,Debt collection,Money transfer,Mortgage,Payday / personal loan,Student loan,Vehicle loan / lease
"Balances, fees & payoffs",0.0199,0.1793,0.3598,0.2449,0.0115,0.0278,0.0435,0.0115,0.102
"Bank deposits, funds & checks",0.5396,0.1155,0.0496,0.0459,0.171,0.033,0.0257,0.0044,0.0152
Collection calls & contact,0.0414,0.1192,0.1696,0.4568,0.0381,0.0494,0.041,0.0266,0.0578
Credit card charges & limits,0.0369,0.6619,0.2065,0.069,0.0175,0.0017,0.0046,0.0005,0.0014
Credit-repair form letters,0.001,0.0062,0.9129,0.0757,0.0002,0.0007,0.0007,0.0007,0.0017
Debt not owed / validation,0.0005,0.0051,0.1967,0.7835,0.0005,0.0031,0.0054,0.0028,0.0023
Dispute & verification process,0.0328,0.0778,0.6384,0.1881,0.0137,0.0208,0.0096,0.0083,0.0106
Fraudulent accounts (not mine),0.0281,0.0275,0.8615,0.0732,0.0041,0.0015,0.0014,0.0022,0.0005
Identity theft,0.0116,0.0274,0.7636,0.1846,0.0038,0.0005,0.0044,0.0006,0.0035
Inaccurate bureau reporting,0.0016,0.0217,0.833,0.1147,0.0004,0.0069,0.005,0.0049,0.0116
Late payment reporting,0.003,0.1921,0.5691,0.0393,0.0035,0.076,0.024,0.0262,0.0668
Loan repayment & forgiveness,0.0029,0.0118,0.253,0.0773,0.0031,0.0448,0.1048,0.4284,0.074
Mortgage servicing & escrow,0.0029,0.0043,0.1151,0.0534,0.0018,0.8077,0.0052,0.0013,0.0084
Requests to remove report items,0.0019,0.012,0.7898,0.1785,0.0007,0.003,0.0039,0.0019,0.0083
Too short to classify,0.0169,0.0678,0.6017,0.161,0.0339,0.0424,0.0169,0.0339,0.0254
Unauthorized hard inquiries,0.002,0.0254,0.9388,0.0141,0.002,0.0052,0.0056,0.0013,0.0056
