theme,complaints,relief_rate,monetary_rate,avg_sentiment,texas_complaints,top_product,top_product_share,products_spanned,expected_relief_given_products,share,relief_index_vs_avg
Inaccurate bureau reporting,12123,0.1643,0.0034,0.0716,1153,Credit reporting,0.833,2,0.2085,0.1034,0.8935
"Bank deposits, funds & checks",9975,0.2577,0.1992,-0.0466,729,Checking / savings,0.5396,3,0.192,0.0851,1.4016
Collection calls & contact,9804,0.1789,0.0452,-0.0685,983,Debt collection,0.4568,4,0.1486,0.0836,0.9729
Debt not owed / validation,9595,0.0988,0.0019,-0.1321,1177,Debt collection,0.7835,2,0.1451,0.0819,0.5373
Dispute & verification process,9569,0.1998,0.019,-0.0113,851,Credit reporting,0.6384,3,0.1949,0.0816,1.0866
Mortgage servicing & escrow,9071,0.0681,0.029,-0.0062,723,Mortgage,0.8077,3,0.0973,0.0774,0.3705
Credit card charges & limits,8057,0.2606,0.1432,0.0605,607,Credit card / prepaid,0.6619,3,0.2547,0.0687,1.4174
Loan repayment & forgiveness,7463,0.0934,0.0202,0.0236,609,Student loan,0.4284,5,0.124,0.0637,0.5079
Fraudulent accounts (not mine),7283,0.2609,0.0069,0.0191,575,Credit reporting,0.8615,2,0.2038,0.0621,1.4186
Requests to remove report items,6990,0.2213,0.0034,0.1016,682,Credit reporting,0.7898,2,0.1924,0.0596,1.2035
Identity theft,6376,0.2811,0.0045,-0.048,585,Credit reporting,0.7636,2,0.1896,0.0544,1.5283
"Balances, fees & payoffs",5934,0.1761,0.078,0.029,583,Credit reporting,0.3598,4,0.1793,0.0506,0.9576
Late payment reporting,5419,0.1545,0.0554,0.041,429,Credit reporting,0.5691,4,0.2012,0.0462,0.8399
Unauthorized hard inquiries,5394,0.1828,0.0013,0.1214,482,Credit reporting,0.9388,1,0.2164,0.046,0.994
Credit-repair form letters,4043,0.205,0.0005,0.0153,604,Credit reporting,0.9129,2,0.2076,0.0345,1.115
Too short to classify,118,0.2288,0.0339,0.0083,11,Credit reporting,0.6017,3,0.1872,0.001,1.2443
