topic_id,theme,seed_terms,top_terms
0,Customer service failures,"customer service, representative, spoke, email, online","service, customer, customer service, help, email, spoke, issue, pay, make, representative, know, online, able, going, tried"
1,Requests to remove report items,"removed credit, remove, items credit, deleted","report, credit report, removed, remove, items, removed credit, police, account credit, deleted, items credit, showing, need, dispute, ftc, remove credit"
2,Credit-repair form letters,"harming credit, partial account, incorrect reporting, attached credit","harming credit, harming, attached credit, reporting, incorrectly, partial account, incorrect reporting, partial, reporting incorrectly, attached, account number, credit score, score, reporting harming, past"
3,Identity theft,"identity theft, victim identity, theft report, police report","theft, identity, identity theft, victim, victim identity, fraudulent, police, fraud, police report, ftc, theft report, result identity, result, opened, fraudulent account"
4,Credit card charges & limits,"credit card, card company, card account, limit","card, credit card, charges, cards, charge, card account, score, card company, limit, applied, used, credit score, closed, credit cards, fraud"
5,Credit-repair form letters,"reporting agency, subsection, reseller, shall","consumer reporting, consumer, reporting agency, block, shall, agency, section, subsection, reseller, subsection section, blocked, file consumer, block requested, information identified, section shall"
6,"Balances, fees & payoffs","account paid, paid balance, charged, owed, fee","paid, balance, charged, closed, pay, charge, account paid, payment, fees, fee, owed, month, paid balance, showing, car"
7,Debt not owed / validation,"collection agency, debt collection, collect debt, owe","debt, collection, agency, company, collection agency, collect, owe, debt collection, creditor, collect debt, original, owed, collector, collections, original creditor"
8,Unauthorized hard inquiries,"hard inquiry, hard inquiries, inquiries credit","inquiry, inquiries, hard, hard inquiry, inquiry credit, hard inquiries, unauthorized, inquiry inquiry, inquiries credit, authorize, credit inquiry, authorized, companies, remove, credit inquiries"
9,Credit-repair form letters,"consumer contract, verifiable proof, accounts listed, original signed","original, consumer contract, contract, verifiable proof, verifiable, accounts listed, verify, consumer, original signed, listed, physical verification, unverified, reporting act, fair credit, verification original"
10,"Bank deposits, funds & checks","checking account, deposit, deposited, funds","bank, money, check, funds, checking, checking account, deposit, bank account, deposited, branch, transaction, fees, transfer, overdraft, closed"
11,Late payment reporting,"late payment, late payments, reporting late","late, payment, payments, late payment, late payments, reporting late, payment credit, error, month, payment record, successful resolution, stellar payment, realized late, stellar, report late"
12,Collection calls & contact,"phone calls, calling, phone number, stop","number, phone, calls, calling, phone number, security, times, social, stop, social security, phone calls, address, information, numbers, company"
13,Fraudulent accounts (not mine),"fraudulent accounts, accounts belong, following accounts","accounts, accounts credit, fraudulent, fraudulent accounts, opened, belong, following accounts, following, accounts belong, credit file, file, accounts reporting, accounts removed, open, remove"
14,Loan repayment & forgiveness,"student loan, forgiveness, repayment, school","loan, loans, student, student loan, payments, student loans, years, school, repayment, income, forgiveness, program, plan, forbearance, loan forgiveness"
15,Dispute & verification process,"certified, requested, documentation, verified","letter, dispute, request, provide, proof, requested, response, documentation, certified, verified, fcra, verification, information, provided, documents"
16,Mortgage servicing & escrow,"escrow, modification, foreclosure, property","mortgage, loan, home, escrow, modification, property, insurance, company, foreclosure, mortgage company, payment, house, servicing, taxes, sale"
17,Inaccurate bureau reporting,"credit bureaus, inaccurate, bankruptcy, agencies","reporting, information, bureaus, credit bureaus, credit reporting, inaccurate, reports, reported, bankruptcy, agencies, credit reports, reporting credit, reporting agencies, information credit, credit file"
